TractorOrderId,Origin,Destination
TO_CO_TFTU000003,QC006,WS015.01
TO_CO_TFTU000031,QC004,WS012.01
TO_CO_TFTU000003,QC006,WS015.01
TO_CO_TFTU000031,QC004,WS012.01
TO_CO_TFTU000003,QC006,WS015.01
TO_CO_TFTU000056,QC004,WS003.01
TO_CO_TFTU000003,QC006,WS015.01
TO_CO_TFTU000059,QC006,YARD001.58
TO_CO_TFTU000003,QC006,WS015.01
TO_CO_TFTU000052,QC005,YARD001.46
TO_CO_TFTU000003,QC006,WS015.01
TO_CO_TFTU000059,QC006,YARD001.58
TO_CO_TFTU000003,QC006,WS015.01
TO_CO_TFTU000056,QC004,WS003.01
TO_CO_TFTU000003,QC006,WS015.01
TO_CO_TFTU000059,QC006,YARD001.58
TO_CO_TFTU000003,QC006,WS015.01
TO_CO_TFTU000068,QC005,YARD001.05
TO_CO_TFTU000003,QC006,WS015.01
TO_CO_TFTU000063,QC003,YARD001.10
TO_CO_TFTU000003,QC006,WS015.01
TO_CO_TFTU000063,QC003,YARD001.10
TO_CO_TFTU000003,QC006,WS015.01
TO_CO_TFTU000052,QC005,YARD001.46
TO_CO_TFTU000003,QC006,WS015.01
TO_CO_TFTU000029,RAIL001.76,WS007.01
TO_CO_TFTU000003,QC006,WS015.01
TO_CO_TFTU000033,RAIL001.81,WS003.01
TO_CO_TFTU000003,QC006,WS015.01
TO_CO_TFTU000052,QC005,YARD001.46
TO_CO_TFTU000003,QC006,WS015.01
TO_CO_TFTU000068,QC005,YARD001.05
TO_CO_TFTU000003,QC006,WS015.01
TO_CO_TFTU000056,QC004,WS003.01
TO_CO_TFTU000003,QC006,WS015.01
TO_CO_TFTU000031,QC004,WS012.01
TO_CO_TFTU000003,QC006,WS015.01
TO_CO_TFTU000063,QC003,YARD001.10
TO_CO_TFTU000003,QC006,WS015.01
TO_CO_TFTU000033,RAIL001.81,WS003.01
TO_CO_TFTU000003,QC006,WS015.01
TO_CO_TFTU000066,QC004,YARD001.31
TO_CO_TFTU000003,QC006,WS015.01
TO_CO_TFTU000033,RAIL001.81,WS003.01
TO_CO_TFTU000003,QC006,WS015.01
TO_CO_TFTU000067,QC005,WS001.01
TO_CO_TFTU000003,QC006,WS015.01
TO_CO_TFTU000074,QC005,YARD001.24
TO_CO_TFTU000003,QC006,WS015.01
TO_CO_TFTU000068,QC005,YARD001.05
TO_CO_TFTU000003,QC006,WS015.01
TO_CO_TFTU000071,QC005,WS002.01
TO_CO_TFTU000003,QC006,WS015.01
TO_CO_TFTU000027,QC006,WS007.01
TO_CO_TFTU000003,QC006,WS015.01
TO_CO_TFTU000071,QC005,WS002.01
TO_CO_TFTU000003,QC006,WS015.01
TO_CO_TFTU000074,QC005,YARD001.24
TO_CO_TFTU000003,QC006,WS015.01
TO_CO_TFTU000067,QC005,WS001.01
TO_CO_TFTU000003,QC006,WS015.01
TO_CO_TFTU000074,QC005,YARD001.24
TO_CO_TFTU000003,QC006,WS015.01
TO_CO_TFTU000033,RAIL001.81,WS003.01
TO_CO_TFTU000089,QC005,YARD001.44
TO_CO_TFTU000033,RAIL001.81,WS003.01
TO_CO_TFTU000031,QC004,WS012.01
TO_CO_TFTU000033,RAIL001.81,WS003.01
TO_CO_TFTU000089,QC005,YARD001.44
TO_CO_TFTU000033,RAIL001.81,WS003.01
TO_CO_TFTU000025,QC006,WS012.01
TO_CO_TFTU000033,RAIL001.81,WS003.01
TO_CO_TFTU000025,QC006,WS012.01
TO_CO_TFTU000033,RAIL001.81,WS003.01
TO_CO_TFTU000037,QC006,WS010.01
TO_CO_TFTU000033,RAIL001.81,WS003.01
TO_CO_TFTU000089,QC005,YARD001.44
TO_CO_TFTU000033,RAIL001.81,WS003.01
TO_CO_TFTU000089,QC005,YARD001.44
TO_CO_TFTU000033,RAIL001.81,WS003.01
TO_CO_TFTU000089,QC005,YARD001.44
TO_CO_TFTU000033,RAIL001.81,WS003.01
TO_CO_TFTU000089,QC005,YARD001.44
TO_CO_TFTU000033,RAIL001.81,WS003.01
TO_CO_TFTU000100,QC005,YARD001.50
TO_CO_TFTU000033,RAIL001.81,WS003.01
TO_CO_TFTU000015,QC005,WS016.01
TO_CO_TFTU000033,RAIL001.81,WS003.01
TO_CO_TFTU000089,QC005,YARD001.44
TO_CO_TFTU000033,RAIL001.81,WS003.01
TO_CO_TFTU000096,QC003,YARD001.27
TO_CO_TFTU000033,RAIL001.81,WS003.01
TO_CO_TFTU000096,QC003,YARD001.27
TO_CO_TFTU000033,RAIL001.81,WS003.01
TO_CO_TFTU000095,QC003,YARD001.14
TO_CO_TFTU000033,RAIL001.81,WS003.01
TO_CO_TFTU000100,QC005,YARD001.50
TO_CO_TFTU000033,RAIL001.81,WS003.01
TO_CO_TFTU000100,QC005,YARD001.50
TO_CO_TFTU000033,RAIL001.81,WS003.01
TO_CO_TFTU000097,QC003,YARD001.62
TO_CO_TFTU000033,RAIL001.81,WS003.01
TO_CO_TFTU000087,QC005,WS010.01
TO_CO_TFTU000033,RAIL001.81,WS003.01
TO_CO_TFTU000040,QC005,WS012.01
TO_CO_TFTU000033,RAIL001.81,WS003.01
TO_CO_TFTU000040,QC005,WS012.01
TO_CO_TFTU000033,RAIL001.81,WS003.01
TO_CO_TFTU000043,QC006,WS010.01
TO_CO_TFTU000033,RAIL001.81,WS003.01
TO_CO_TFTU000040,QC005,WS012.01
TO_CO_TFTU000033,RAIL001.81,WS003.01
TO_CO_TFTU000089,QC005,YARD001.44
TO_CO_TFTU000033,RAIL001.81,WS003.01
TO_CO_TFTU000040,QC005,WS012.01
TO_CO_TFTU000033,RAIL001.81,WS003.01
TO_CO_TFTU000096,QC003,YARD001.27
TO_CO_TFTU000033,RAIL001.81,WS003.01
TO_CO_TFTU000043,QC006,WS010.01
TO_CO_TFTU000033,RAIL001.81,WS003.01
TO_CO_TFTU000075,QC006,YARD001.19
TO_CO_TFTU000033,RAIL001.81,WS003.01
TO_CO_TFTU000096,QC003,YARD001.27
TO_CO_TFTU000033,RAIL001.81,WS003.01
TO_CO_TFTU000080,QC001,WS002.01
TO_CO_TFTU000033,RAIL001.81,WS003.01
TO_CO_TFTU000096,QC003,YARD001.27
TO_CO_TFTU000033,RAIL001.81,WS003.01
TO_CO_TFTU000100,QC005,YARD001.50
TO_CO_TFTU000033,RAIL001.81,WS003.01
TO_CO_TFTU000096,QC003,YARD001.27
TO_CO_TFTU000103,QC003,WS003.01
TO_CO_TFTU000096,QC003,YARD001.27
TO_CO_TFTU000103,QC003,WS003.01
TO_CO_TFTU000096,QC003,YARD001.27
TO_CO_TFTU000103,QC003,WS003.01
TO_CO_TFTU000096,QC003,YARD001.27
TO_CO_TFTU000095,QC003,YARD001.14
TO_CO_TFTU000096,QC003,YARD001.27
TO_CO_TFTU000095,QC003,YARD001.14
TO_CO_TFTU000096,QC003,YARD001.27
TO_CO_TFTU000097,QC003,YARD001.62
TO_CO_TFTU000096,QC003,YARD001.27
TO_CO_TFTU000097,QC003,YARD001.62
TO_CO_TFTU000096,QC003,YARD001.27
TO_CO_TFTU000098,QC003,WS004.01
TO_CO_TFTU000096,QC003,YARD001.27
TO_CO_TFTU000097,QC003,YARD001.62
TO_CO_TFTU000096,QC003,YARD001.27
TO_CO_TFTU000097,QC003,YARD001.62
TO_CO_TFTU000096,QC003,YARD001.27
TO_CO_TFTU000097,QC003,YARD001.62
TO_CO_TFTU000096,QC003,YARD001.27
TO_CO_TFTU000097,QC003,YARD001.62
TO_CO_TFTU000096,QC003,YARD001.27
TO_CO_TFTU000097,QC003,YARD001.62
TO_CO_TFTU000096,QC003,YARD001.27
TO_CO_TFTU000097,QC003,YARD001.62
TO_CO_TFTU000096,QC003,YARD001.27
TO_CO_TFTU000097,QC003,YARD001.62
TO_CO_TFTU000096,QC003,YARD001.27
TO_CO_TFTU000121,QC003,WS001.01
TO_CO_TFTU000096,QC003,YARD001.27
TO_CO_TFTU000098,QC003,WS004.01
TO_CO_TFTU000096,QC003,YARD001.27
TO_CO_TFTU000097,QC003,YARD001.62
TO_CO_TFTU000096,QC003,YARD001.27
TO_CO_TFTU000097,QC003,YARD001.62
TO_CO_TFTU000121,QC003,WS001.01
TO_CO_TFTU000097,QC003,YARD001.62
TO_CO_TFTU000021,QC007,WS014.01
TO_CO_TFTU000097,QC003,YARD001.62
TO_CO_TFTU000021,QC007,WS014.01
TO_CO_TFTU000097,QC003,YARD001.62
TO_CO_TFTU000021,QC007,WS014.01
TO_CO_TFTU000097,QC003,YARD001.62
TO_CO_TFTU000054,QC007,WS013.01
TO_CO_TFTU000097,QC003,YARD001.62
TO_CO_TFTU000054,QC007,WS013.01
TO_CO_TFTU000097,QC003,YARD001.62
TO_CO_TFTU000021,QC007,WS014.01
TO_CO_TFTU000097,QC003,YARD001.62
TO_CO_TFTU000054,QC007,WS013.01
TO_CO_TFTU000097,QC003,YARD001.62
TO_CO_TFTU000021,QC007,WS014.01
TO_CO_TFTU000097,QC003,YARD001.62
TO_CO_TFTU000021,QC007,WS014.01
TO_CO_TFTU000097,QC003,YARD001.62
TO_CO_TFTU000021,QC007,WS014.01
TO_CO_TFTU000097,QC003,YARD001.62
TO_CO_TFTU000021,QC007,WS014.01
TO_CO_TFTU000097,QC003,YARD001.62
TO_CO_TFTU000021,QC007,WS014.01
TO_CO_TFTU000097,QC003,YARD001.62
TO_CO_TFTU000054,QC007,WS013.01
TO_CO_TFTU000097,QC003,YARD001.62
TO_CO_TFTU000021,QC007,WS014.01
TO_CO_TFTU000097,QC003,YARD001.62
TO_CO_TFTU000054,QC007,WS013.01
TO_CO_TFTU000097,QC003,YARD001.62
TO_CO_TFTU000021,QC007,WS014.01
TO_CO_TFTU000097,QC003,YARD001.62
TO_CO_TFTU000021,QC007,WS014.01
TO_CO_TFTU000097,QC003,YARD001.62
TO_CO_TFTU000021,QC007,WS014.01
TO_CO_TFTU000097,QC003,YARD001.62
TO_CO_TFTU000054,QC007,WS013.01
TO_CO_TFTU000097,QC003,YARD001.62
TO_CO_TFTU000021,QC007,WS014.01
TO_CO_TFTU000097,QC003,YARD001.62
TO_CO_TFTU000130,QC006,YARD001.04
TO_CO_TFTU000115,RAIL001.15,WS004.01
TO_CO_TFTU000130,QC006,YARD001.04
TO_CO_TFTU000115,RAIL001.15,WS004.01
TO_CO_TFTU000130,QC006,YARD001.04
TO_CO_TFTU000109,RAIL001.02,WS011.01
TO_CO_TFTU000130,QC006,YARD001.04
TO_CO_TFTU000115,RAIL001.15,WS004.01
TO_CO_TFTU000130,QC006,YARD001.04
TO_CO_TFTU000115,RAIL001.15,WS004.01
TO_CO_TFTU000130,QC006,YARD001.04
TO_CO_TFTU000131,RAIL001.20,WS003.01
TO_CO_TFTU000130,QC006,YARD001.04
TO_CO_TFTU000109,RAIL001.02,WS011.01
TO_CO_TFTU000130,QC006,YARD001.04
TO_CO_TFTU000146,QC003,WS007.01
TO_CO_TFTU000130,QC006,YARD001.04
TO_CO_TFTU000109,RAIL001.02,WS011.01
TO_CO_TFTU000130,QC006,YARD001.04
TO_CO_TFTU000109,RAIL001.02,WS011.01
TO_CO_TFTU000130,QC006,YARD001.04
TO_CO_TFTU000115,RAIL001.15,WS004.01
TO_CO_TFTU000130,QC006,YARD001.04
TO_CO_TFTU000115,RAIL001.15,WS004.01
TO_CO_TFTU000130,QC006,YARD001.04
TO_CO_TFTU000115,RAIL001.15,WS004.01
TO_CO_TFTU000130,QC006,YARD001.04
TO_CO_TFTU000115,RAIL001.15,WS004.01
TO_CO_TFTU000130,QC006,YARD001.04
TO_CO_TFTU000115,RAIL001.15,WS004.01
TO_CO_TFTU000130,QC006,YARD001.04
TO_CO_TFTU000109,RAIL001.02,WS011.01
TO_CO_TFTU000130,QC006,YARD001.04
TO_CO_TFTU000109,RAIL001.02,WS011.01
TO_CO_TFTU000130,QC006,YARD001.04
TO_CO_TFTU000109,RAIL001.02,WS011.01
TO_CO_TFTU000130,QC006,YARD001.04
TO_CO_TFTU000109,RAIL001.02,WS011.01
TO_CO_TFTU000130,QC006,YARD001.04
TO_CO_TFTU000109,RAIL001.02,WS011.01
TO_CO_TFTU000130,QC006,YARD001.04
TO_CO_TFTU000109,RAIL001.02,WS011.01
TO_CO_TFTU000130,QC006,YARD001.04
TO_CO_TFTU000160,QC003,WS004.01
TO_CO_TFTU000130,QC006,YARD001.04
TO_CO_TFTU000109,RAIL001.02,WS011.01
TO_CO_TFTU000130,QC006,YARD001.04
TO_CO_TFTU000109,RAIL001.02,WS011.01
TO_CO_TFTU000167,QC005,WS011.01
TO_CO_TFTU000109,RAIL001.02,WS011.01
TO_CO_TFTU000112,QC004,WS014.01
TO_CO_TFTU000109,RAIL001.02,WS011.01
TO_CO_TFTU000083,QC006,WS014.01
TO_CO_TFTU000109,RAIL001.02,WS011.01
TO_CO_TFTU000049,QC006,WS015.01
TO_CO_TFTU000109,RAIL001.02,WS011.01
TO_CO_TFTU000091,QC006,WS012.01
TO_CO_TFTU000109,RAIL001.02,WS011.01
TO_CO_TFTU000112,QC004,WS014.01
TO_CO_TFTU000109,RAIL001.02,WS011.01
TO_CO_TFTU000167,QC005,WS011.01
TO_CO_TFTU000109,RAIL001.02,WS011.01
TO_CO_TFTU000092,QC006,WS014.01
TO_CO_TFTU000109,RAIL001.02,WS011.01
TO_CO_TFTU000118,QC006,WS014.01
TO_CO_TFTU000109,RAIL001.02,WS011.01
TO_CO_TFTU000166,QC003,YARD001.57
TO_CO_TFTU000109,RAIL001.02,WS011.01
TO_CO_TFTU000166,QC003,YARD001.57
TO_CO_TFTU000109,RAIL001.02,WS011.01
TO_CO_TFTU000157,RAIL001.101,WS009.01
TO_CO_TFTU000109,RAIL001.02,WS011.01
TO_CO_TFTU000157,RAIL001.101,WS009.01
TO_CO_TFTU000109,RAIL001.02,WS011.01
TO_CO_TFTU000167,QC005,WS011.01
TO_CO_TFTU000109,RAIL001.02,WS011.01
TO_CO_TFTU000159,QC004,WS012.01
TO_CO_TFTU000109,RAIL001.02,WS011.01
TO_CO_TFTU000042,QC006,WS014.01
TO_CO_TFTU000109,RAIL001.02,WS011.01
TO_CO_TFTU000028,QC007,WS014.01
TO_CO_TFTU000109,RAIL001.02,WS011.01
TO_CO_TFTU000028,QC007,WS014.01
TO_CO_TFTU000109,RAIL001.02,WS011.01
TO_CO_TFTU000028,QC007,WS014.01
TO_CO_TFTU000109,RAIL001.02,WS011.01
TO_CO_TFTU000083,QC006,WS014.01
TO_CO_TFTU000109,RAIL001.02,WS011.01
TO_CO_TFTU000048,QC006,WS014.01
TO_CO_TFTU000109,RAIL001.02,WS011.01
TO_CO_TFTU000048,QC006,WS014.01
TO_CO_TFTU000109,RAIL001.02,WS011.01
TO_CO_TFTU000028,QC007,WS014.01
TO_CO_TFTU000109,RAIL001.02,WS011.01
TO_CO_TFTU000076,QC003,WS015.01
TO_CO_TFTU000109,RAIL001.02,WS011.01
TO_CO_TFTU000042,QC006,WS014.01
TO_CO_TFTU000109,RAIL001.02,WS011.01
TO_CO_TFTU000078,QC007,WS013.01
TO_CO_TFTU000109,RAIL001.02,WS011.01
TO_CO_TFTU000028,QC007,WS014.01
TO_CO_TFTU000109,RAIL001.02,WS011.01
TO_CO_TFTU000028,QC007,WS014.01
TO_CO_TFTU000109,RAIL001.02,WS011.01
TO_CO_TFTU000042,QC006,WS014.01
TO_CO_TFTU000145,RAIL001.76,WS015.01
TO_CO_TFTU000042,QC006,WS014.01
TO_CO_TFTU000179,RAIL001.43,WS003.01
TO_CO_TFTU000042,QC006,WS014.01
TO_CO_TFTU000181,QC005,WS008.01
TO_CO_TFTU000042,QC006,WS014.01
TO_CO_TFTU000186,QC003,WS003.01
TO_CO_TFTU000042,QC006,WS014.01
TO_CO_TFTU000181,QC005,WS008.01
TO_CO_TFTU000042,QC006,WS014.01
TO_CO_TFTU000134,QC006,WS014.01
TO_CO_TFTU000042,QC006,WS014.01
TO_CO_TFTU000187,QC005,WS003.01
TO_CO_TFTU000042,QC006,WS014.01
TO_CO_TFTU000187,QC005,WS003.01
TO_CO_TFTU000042,QC006,WS014.01
TO_CO_TFTU000186,QC003,WS003.01
TO_CO_TFTU000042,QC006,WS014.01
TO_CO_TFTU000148,QC003,WS014.01
TO_CO_TFTU000042,QC006,WS014.01
TO_CO_TFTU000184,QC003,WS003.01
TO_CO_TFTU000042,QC006,WS014.01
TO_CO_TFTU000186,QC003,WS003.01
TO_CO_TFTU000042,QC006,WS014.01
TO_CO_TFTU000189,QC003,WS002.01
TO_CO_TFTU000042,QC006,WS014.01
TO_CO_TFTU000181,QC005,WS008.01
TO_CO_TFTU000042,QC006,WS014.01
TO_CO_TFTU000162,QC005,WS012.01
TO_CO_TFTU000042,QC006,WS014.01
TO_CO_TFTU000186,QC003,WS003.01
TO_CO_TFTU000042,QC006,WS014.01
TO_CO_TFTU000189,QC003,WS002.01
TO_CO_TFTU000042,QC006,WS014.01
TO_CO_TFTU000136,QC006,WS013.01
TO_CO_TFTU000042,QC006,WS014.01
TO_CO_TFTU000118,QC006,WS014.01
TO_CO_TFTU000042,QC006,WS014.01
TO_CO_TFTU000145,RAIL001.76,WS015.01
TO_CO_TFTU000042,QC006,WS014.01
TO_CO_TFTU000136,QC006,WS013.01
TO_CO_TFTU000042,QC006,WS014.01
TO_CO_TFTU000092,QC006,WS014.01
TO_CO_TFTU000042,QC006,WS014.01
TO_CO_TFTU000092,QC006,WS014.01
TO_CO_TFTU000042,QC006,WS014.01
TO_CO_TFTU000118,QC006,WS014.01
TO_CO_TFTU000042,QC006,WS014.01
TO_CO_TFTU000136,QC006,WS013.01
TO_CO_TFTU000042,QC006,WS014.01
TO_CO_TFTU000169,QC005,WS013.01
TO_CO_TFTU000042,QC006,WS014.01
TO_CO_TFTU000150,QC005,WS013.01
TO_CO_TFTU000042,QC006,WS014.01
TO_CO_TFTU000136,QC006,WS013.01
TO_CO_TFTU000042,QC006,WS014.01
TO_CO_TFTU000092,QC006,WS014.01
TO_CO_TFTU000042,QC006,WS014.01
TO_CO_TFTU000092,QC006,WS014.01
TO_CO_TFTU000042,QC006,WS014.01
TO_CO_TFTU000157,RAIL001.101,WS009.01
TO_CO_TFTU000042,QC006,WS014.01
TO_CO_TFTU000180,QC004,WS012.01
TO_CO_TFTU000042,QC006,WS014.01
TO_CO_TFTU000169,QC005,WS013.01
TO_CO_TFTU000042,QC006,WS014.01
TO_CO_TFTU000169,QC005,WS013.01
TO_CO_TFTU000042,QC006,WS014.01
TO_CO_TFTU000136,QC006,WS013.01
TO_CO_TFTU000042,QC006,WS014.01
TO_CO_TFTU000093,QC006,WS015.01
TO_CO_TFTU000042,QC006,WS014.01
TO_CO_TFTU000145,RAIL001.76,WS015.01
TO_CO_TFTU000180,QC004,WS012.01
TO_CO_TFTU000145,RAIL001.76,WS015.01
TO_CO_TFTU000201,QC005,WS012.01
TO_CO_TFTU000145,RAIL001.76,WS015.01
TO_CO_TFTU000201,QC005,WS012.01
TO_CO_TFTU000145,RAIL001.76,WS015.01
TO_CO_TFTU000201,QC005,WS012.01
TO_CO_TFTU000145,RAIL001.76,WS015.01
TO_CO_TFTU000207,RAIL001.01,WS003.01
TO_CO_TFTU000145,RAIL001.76,WS015.01
TO_CO_TFTU000177,QC007,WS012.01
TO_CO_TFTU000145,RAIL001.76,WS015.01
TO_CO_TFTU000209,RAIL001.92,WS012.01
TO_CO_TFTU000145,RAIL001.76,WS015.01
TO_CO_TFTU000194,QC006,WS012.01
TO_CO_TFTU000145,RAIL001.76,WS015.01
TO_CO_TFTU000194,QC006,WS012.01
TO_CO_TFTU000145,RAIL001.76,WS015.01
TO_CO_TFTU000209,RAIL001.92,WS012.01
TO_CO_TFTU000145,RAIL001.76,WS015.01
TO_CO_TFTU000212,QC005,WS003.01
TO_CO_TFTU000145,RAIL001.76,WS015.01
TO_CO_TFTU000212,QC005,WS003.01
TO_CO_TFTU000145,RAIL001.76,WS015.01
TO_CO_TFTU000211,QC005,WS001.01
TO_CO_TFTU000145,RAIL001.76,WS015.01
TO_CO_TFTU000044,QC007,WS015.01
TO_CO_TFTU000145,RAIL001.76,WS015.01
TO_CO_TFTU000215,QC005,WS010.01
TO_CO_TFTU000145,RAIL001.76,WS015.01
TO_CO_TFTU000177,QC007,WS012.01
TO_CO_TFTU000145,RAIL001.76,WS015.01
TO_CO_TFTU000209,RAIL001.92,WS012.01
TO_CO_TFTU000145,RAIL001.76,WS015.01
TO_CO_TFTU000194,QC006,WS012.01
TO_CO_TFTU000145,RAIL001.76,WS015.01
TO_CO_TFTU000209,RAIL001.92,WS012.01
TO_CO_TFTU000145,RAIL001.76,WS015.01
TO_CO_TFTU000209,RAIL001.92,WS012.01
TO_CO_TFTU000145,RAIL001.76,WS015.01
TO_CO_TFTU000214,QC005,WS003.01
TO_CO_TFTU000145,RAIL001.76,WS015.01
TO_CO_TFTU000144,QC006,WS014.01
TO_CO_TFTU000145,RAIL001.76,WS015.01
TO_CO_TFTU000148,QC003,WS014.01
TO_CO_TFTU000145,RAIL001.76,WS015.01
TO_CO_TFTU000050,QC007,WS015.01
TO_CO_TFTU000145,RAIL001.76,WS015.01
TO_CO_TFTU000101,QC006,WS015.01
TO_CO_TFTU000145,RAIL001.76,WS015.01
TO_CO_TFTU000144,QC006,WS014.01
TO_CO_TFTU000145,RAIL001.76,WS015.01
TO_CO_TFTU000050,QC007,WS015.01
TO_CO_TFTU000145,RAIL001.76,WS015.01
TO_CO_TFTU000044,QC007,WS015.01
TO_CO_TFTU000145,RAIL001.76,WS015.01
TO_CO_TFTU000084,QC007,WS014.01
TO_CO_TFTU000145,RAIL001.76,WS015.01
TO_CO_TFTU000050,QC007,WS015.01
TO_CO_TFTU000145,RAIL001.76,WS015.01
TO_CO_TFTU000171,QC006,WS013.01
TO_CO_TFTU000145,RAIL001.76,WS015.01
TO_CO_TFTU000182,QC006,WS012.01
TO_CO_TFTU000145,RAIL001.76,WS015.01
TO_CO_TFTU000044,QC007,WS015.01
TO_CO_TFTU000145,RAIL001.76,WS015.01
TO_CO_TFTU000144,QC006,WS014.01
TO_CO_TFTU000145,RAIL001.76,WS015.01
TO_CO_TFTU000197,QC005,WS013.01
TO_CO_TFTU000145,RAIL001.76,WS015.01
TO_CO_TFTU000209,RAIL001.92,WS012.01
TO_CO_TFTU000145,RAIL001.76,WS015.01
TO_CO_TFTU000197,QC005,WS013.01
TO_CO_TFTU000145,RAIL001.76,WS015.01
TO_CO_TFTU000101,QC006,WS015.01
TO_CO_TFTU000050,QC007,WS015.01
TO_CO_TFTU000101,QC006,WS015.01
TO_CO_TFTU000061,QC007,WS016.01
TO_CO_TFTU000101,QC006,WS015.01
TO_CO_TFTU000061,QC007,WS016.01
TO_CO_TFTU000101,QC006,WS015.01
TO_CO_TFTU000055,QC007,WS015.01
TO_CO_TFTU000101,QC006,WS015.01
TO_CO_TFTU000050,QC007,WS015.01
TO_CO_TFTU000101,QC006,WS015.01
TO_CO_TFTU000231,QC005,WS008.01
TO_CO_TFTU000101,QC006,WS015.01
TO_CO_TFTU000232,QC005,WS007.01
TO_CO_TFTU000101,QC006,WS015.01
TO_CO_TFTU000227,RAIL001.62,WS013.01
TO_CO_TFTU000101,QC006,WS015.01
TO_CO_TFTU000228,QC005,WS014.01
TO_CO_TFTU000101,QC006,WS015.01
TO_CO_TFTU000055,QC007,WS015.01
TO_CO_TFTU000101,QC006,WS015.01
TO_CO_TFTU000061,QC007,WS016.01
TO_CO_TFTU000101,QC006,WS015.01
TO_CO_TFTU000233,QC007,WS002.01
TO_CO_TFTU000101,QC006,WS015.01
TO_CO_TFTU000231,QC005,WS008.01
TO_CO_TFTU000101,QC006,WS015.01
TO_CO_TFTU000233,QC007,WS002.01
TO_CO_TFTU000101,QC006,WS015.01
TO_CO_TFTU000060,QC007,WS016.01
TO_CO_TFTU000101,QC006,WS015.01
TO_CO_TFTU000077,QC003,WS017.01
TO_CO_TFTU000101,QC006,WS015.01
TO_CO_TFTU000077,QC003,WS017.01
TO_CO_TFTU000101,QC006,WS015.01
TO_CO_TFTU000235,QC005,WS001.01
TO_CO_TFTU000101,QC006,WS015.01
TO_CO_TFTU000228,QC005,WS014.01
TO_CO_TFTU000101,QC006,WS015.01
TO_CO_TFTU000227,RAIL001.62,WS013.01
TO_CO_TFTU000101,QC006,WS015.01
TO_CO_TFTU000060,QC007,WS016.01
TO_CO_TFTU000101,QC006,WS015.01
TO_CO_TFTU000218,QC007,WS012.01
TO_CO_TFTU000101,QC006,WS015.01
TO_CO_TFTU000231,QC005,WS008.01
TO_CO_TFTU000101,QC006,WS015.01
TO_CO_TFTU000227,RAIL001.62,WS013.01
TO_CO_TFTU000101,QC006,WS015.01
TO_CO_TFTU000228,QC005,WS014.01
TO_CO_TFTU000101,QC006,WS015.01
TO_CO_TFTU000217,QC005,WS015.01
TO_CO_TFTU000101,QC006,WS015.01
TO_CO_TFTU000227,RAIL001.62,WS013.01
TO_CO_TFTU000101,QC006,WS015.01
TO_CO_TFTU000218,QC007,WS012.01
TO_CO_TFTU000101,QC006,WS015.01
TO_CO_TFTU000227,RAIL001.62,WS013.01
TO_CO_TFTU000101,QC006,WS015.01
TO_CO_TFTU000227,RAIL001.62,WS013.01
TO_CO_TFTU000101,QC006,WS015.01
TO_CO_TFTU000227,RAIL001.62,WS013.01
TO_CO_TFTU000101,QC006,WS015.01
TO_CO_TFTU000231,QC005,WS008.01
TO_CO_TFTU000101,QC006,WS015.01
TO_CO_TFTU000227,RAIL001.62,WS013.01
TO_CO_TFTU000101,QC006,WS015.01
TO_CO_TFTU000227,RAIL001.62,WS013.01
TO_CO_TFTU000101,QC006,WS015.01
TO_CO_TFTU000238,QC005,WS004.01
TO_CO_TFTU000101,QC006,WS015.01
TO_CO_TFTU000238,QC005,WS004.01
TO_CO_TFTU000101,QC006,WS015.01
TO_CO_TFTU000239,QC005,WS001.01
TO_CO_TFTU000101,QC006,WS015.01
TO_CO_TFTU000241,QC004,WS009.01
TO_CO_TFTU000101,QC006,WS015.01
TO_CO_TFTU000050,QC007,WS015.01
TO_CO_TFTU000101,QC006,WS015.01
TO_CO_TFTU000239,QC005,WS001.01
TO_CO_TFTU000101,QC006,WS015.01
TO_CO_TFTU000239,QC005,WS001.01
TO_CO_TFTU000228,QC005,WS014.01
TO_CO_TFTU000239,QC005,WS001.01
TO_CO_TFTU000228,QC005,WS014.01
TO_CO_TFTU000239,QC005,WS001.01
TO_CO_TFTU000228,QC005,WS014.01
TO_CO_TFTU000239,QC005,WS001.01
TO_CO_TFTU000238,QC005,WS004.01
TO_CO_TFTU000239,QC005,WS001.01
TO_CO_TFTU000238,QC005,WS004.01
TO_CO_TFTU000239,QC005,WS001.01
TO_CO_TFTU000232,QC005,WS007.01
TO_CO_TFTU000239,QC005,WS001.01
TO_CO_TFTU000242,QC005,WS003.01
TO_CO_TFTU000239,QC005,WS001.01
TO_CO_TFTU000242,QC005,WS003.01
TO_CO_TFTU000239,QC005,WS001.01
TO_CO_TFTU000242,QC005,WS003.01
TO_CO_TFTU000239,QC005,WS001.01
TO_CO_TFTU000242,QC005,WS003.01
TO_CO_TFTU000239,QC005,WS001.01
TO_CO_TFTU000242,QC005,WS003.01
TO_CO_TFTU000239,QC005,WS001.01
TO_CO_TFTU000247,QC005,YARD001.21
TO_CO_TFTU000239,QC005,WS001.01
TO_CO_TFTU000232,QC005,WS007.01
TO_CO_TFTU000239,QC005,WS001.01
TO_CO_TFTU000242,QC005,WS003.01
TO_CO_TFTU000239,QC005,WS001.01
TO_CO_TFTU000061,QC007,WS016.01
TO_CO_TFTU000239,QC005,WS001.01
TO_CO_TFTU000044,QC007,WS015.01
TO_CO_TFTU000239,QC005,WS001.01
TO_CO_TFTU000232,QC005,WS007.01
TO_CO_TFTU000239,QC005,WS001.01
TO_CO_TFTU000044,QC007,WS015.01
TO_CO_TFTU000239,QC005,WS001.01
TO_CO_TFTU000250,QC005,WS007.01
TO_CO_TFTU000239,QC005,WS001.01
TO_CO_TFTU000060,QC007,WS016.01
TO_CO_TFTU000239,QC005,WS001.01
TO_CO_TFTU000232,QC005,WS007.01
TO_CO_TFTU000239,QC005,WS001.01
TO_CO_TFTU000232,QC005,WS007.01
TO_CO_TFTU000239,QC005,WS001.01
TO_CO_TFTU000232,QC005,WS007.01
TO_CO_TFTU000239,QC005,WS001.01
TO_CO_TFTU000232,QC005,WS007.01
TO_CO_TFTU000239,QC005,WS001.01
TO_CO_TFTU000232,QC005,WS007.01
TO_CO_TFTU000239,QC005,WS001.01
TO_CO_TFTU000232,QC005,WS007.01
TO_CO_TFTU000239,QC005,WS001.01
TO_CO_TFTU000232,QC005,WS007.01
TO_CO_TFTU000239,QC005,WS001.01
TO_CO_TFTU000244,QC003,YARD001.26
TO_CO_TFTU000252,QC003,YARD001.31
TO_CO_TFTU000244,QC003,YARD001.26
TO_CO_TFTU000254,QC004,YARD001.21
TO_CO_TFTU000244,QC003,YARD001.26
TO_CO_TFTU000252,QC003,YARD001.31
TO_CO_TFTU000244,QC003,YARD001.26
TO_CO_TFTU000252,QC003,YARD001.31
TO_CO_TFTU000244,QC003,YARD001.26
TO_CO_TFTU000252,QC003,YARD001.31
TO_CO_TFTU000244,QC003,YARD001.26
TO_CO_TFTU000253,QC005,WS001.01
TO_CO_TFTU000244,QC003,YARD001.26
TO_CO_TFTU000252,QC003,YARD001.31
TO_CO_TFTU000244,QC003,YARD001.26
TO_CO_TFTU000260,QC006,YARD001.26
TO_CO_TFTU000244,QC003,YARD001.26
TO_CO_TFTU000252,QC003,YARD001.31
TO_CO_TFTU000244,QC003,YARD001.26
TO_CO_TFTU000254,QC004,YARD001.21
TO_CO_TFTU000244,QC003,YARD001.26
TO_CO_TFTU000252,QC003,YARD001.31
TO_CO_TFTU000244,QC003,YARD001.26
TO_CO_TFTU000254,QC004,YARD001.21
TO_CO_TFTU000244,QC003,YARD001.26
TO_CO_TFTU000254,QC004,YARD001.21
TO_CO_TFTU000244,QC003,YARD001.26
TO_CO_TFTU000232,QC005,WS007.01
TO_CO_TFTU000244,QC003,YARD001.26
TO_CO_TFTU000077,QC003,WS017.01
TO_CO_TFTU000244,QC003,YARD001.26
TO_CO_TFTU000253,QC005,WS001.01
TO_CO_TFTU000244,QC003,YARD001.26
TO_CO_TFTU000253,QC005,WS001.01
TO_CO_TFTU000255,QC005,WS003.01
TO_CO_TFTU000253,QC005,WS001.01
TO_CO_TFTU000255,QC005,WS003.01
TO_CO_TFTU000253,QC005,WS001.01
TO_CO_TFTU000254,QC004,YARD001.21
TO_CO_TFTU000253,QC005,WS001.01
TO_CO_TFTU000258,QC006,WS008.01
TO_CO_TFTU000253,QC005,WS001.01
TO_CO_TFTU000255,QC005,WS003.01
TO_CO_TFTU000253,QC005,WS001.01
TO_CO_TFTU000255,QC005,WS003.01
TO_CO_TFTU000253,QC005,WS001.01
TO_CO_TFTU000255,QC005,WS003.01
TO_CO_TFTU000253,QC005,WS001.01
TO_CO_TFTU000267,QC005,YARD001.37
TO_CO_TFTU000253,QC005,WS001.01
TO_CO_TFTU000267,QC005,YARD001.37
TO_CO_TFTU000253,QC005,WS001.01
TO_CO_TFTU000267,QC005,YARD001.37
TO_CO_TFTU000253,QC005,WS001.01
TO_CO_TFTU000255,QC005,WS003.01
TO_CO_TFTU000253,QC005,WS001.01
TO_CO_TFTU000258,QC006,WS008.01
TO_CO_TFTU000253,QC005,WS001.01
TO_CO_TFTU000258,QC006,WS008.01
TO_CO_TFTU000253,QC005,WS001.01
TO_CO_TFTU000258,QC006,WS008.01
TO_CO_TFTU000253,QC005,WS001.01
TO_CO_TFTU000259,QC006,YARD001.02
TO_CO_TFTU000253,QC005,WS001.01
TO_CO_TFTU000259,QC006,YARD001.02
TO_CO_TFTU000253,QC005,WS001.01
TO_CO_TFTU000258,QC006,WS008.01
TO_CO_TFTU000253,QC005,WS001.01
TO_CO_TFTU000258,QC006,WS008.01
TO_CO_TFTU000263,QC005,WS017.01
TO_CO_TFTU000258,QC006,WS008.01
TO_CO_TFTU000219,QC007,WS016.01
TO_CO_TFTU000258,QC006,WS008.01
TO_CO_TFTU000227,RAIL001.62,WS013.01
TO_CO_TFTU000258,QC006,WS008.01
TO_CO_TFTU000249,QC006,WS014.01
TO_CO_TFTU000258,QC006,WS008.01
TO_CO_TFTU000249,QC006,WS014.01
TO_CO_TFTU000258,QC006,WS008.01
TO_CO_TFTU000249,QC006,WS014.01
TO_CO_TFTU000258,QC006,WS008.01
TO_CO_TFTU000261,QC007,WS016.01
TO_CO_TFTU000258,QC006,WS008.01
TO_CO_TFTU000270,QC006,WS015.01
TO_CO_TFTU000258,QC006,WS008.01
TO_CO_TFTU000268,QC006,WS012.01
TO_CO_TFTU000258,QC006,WS008.01
TO_CO_TFTU000270,QC006,WS015.01
TO_CO_TFTU000258,QC006,WS008.01
TO_CO_TFTU000278,QC005,WS007.01
TO_CO_TFTU000258,QC006,WS008.01
TO_CO_TFTU000278,QC005,WS007.01
TO_CO_TFTU000258,QC006,WS008.01
TO_CO_TFTU000227,RAIL001.62,WS013.01
TO_CO_TFTU000258,QC006,WS008.01
TO_CO_TFTU000227,RAIL001.62,WS013.01
TO_CO_TFTU000258,QC006,WS008.01
TO_CO_TFTU000227,RAIL001.62,WS013.01
TO_CO_TFTU000258,QC006,WS008.01
TO_CO_TFTU000284,QC004,YARD001.40
TO_CO_TFTU000258,QC006,WS008.01
TO_CO_TFTU000283,QC003,YARD001.25
TO_CO_TFTU000258,QC006,WS008.01
TO_CO_TFTU000227,RAIL001.62,WS013.01
TO_CO_TFTU000258,QC006,WS008.01
TO_CO_TFTU000208,RAIL001.40,WS014.01
TO_CO_TFTU000258,QC006,WS008.01
TO_CO_TFTU000227,RAIL001.62,WS013.01
TO_CO_TFTU000258,QC006,WS008.01
TO_CO_TFTU000227,RAIL001.62,WS013.01
TO_CO_TFTU000258,QC006,WS008.01
TO_CO_TFTU000237,QC007,WS014.01
TO_CO_TFTU000258,QC006,WS008.01
TO_CO_TFTU000227,RAIL001.62,WS013.01
TO_CO_TFTU000258,QC006,WS008.01
TO_CO_TFTU000227,RAIL001.62,WS013.01
TO_CO_TFTU000261,QC007,WS016.01
TO_CO_TFTU000227,RAIL001.62,WS013.01
TO_CO_TFTU000278,QC005,WS007.01
TO_CO_TFTU000227,RAIL001.62,WS013.01
TO_CO_TFTU000278,QC005,WS007.01
TO_CO_TFTU000227,RAIL001.62,WS013.01
TO_CO_TFTU000278,QC005,WS007.01
TO_CO_TFTU000227,RAIL001.62,WS013.01
TO_CO_TFTU000281,QC006,WS008.01
TO_CO_TFTU000227,RAIL001.62,WS013.01
TO_CO_TFTU000285,QC005,WS012.01
TO_CO_TFTU000227,RAIL001.62,WS013.01
TO_CO_TFTU000285,QC005,WS012.01
TO_CO_TFTU000227,RAIL001.62,WS013.01
TO_CO_TFTU000285,QC005,WS012.01
TO_CO_TFTU000227,RAIL001.62,WS013.01
TO_CO_TFTU000285,QC005,WS012.01
TO_CO_TFTU000227,RAIL001.62,WS013.01
TO_CO_TFTU000285,QC005,WS012.01
TO_CO_TFTU000227,RAIL001.62,WS013.01
TO_CO_TFTU000285,QC005,WS012.01
TO_CO_TFTU000227,RAIL001.62,WS013.01
TO_CO_TFTU000285,QC005,WS012.01
TO_CO_TFTU000227,RAIL001.62,WS013.01
TO_CO_TFTU000285,QC005,WS012.01
TO_CO_TFTU000227,RAIL001.62,WS013.01
TO_CO_TFTU000285,QC005,WS012.01
